{
  "project_info": {
    "project_number": "353437141734",
    "firebase_url": "https://bci491-art.firebaseio.com",
    "project_id": "bci491-art",
    "storage_bucket": "bci491-art.appspot.com"
  },
  "client": [
    {
      "client_info": {
        "mobilesdk_app_id": "1:353437141734:android:84b4f7a04c93e532",
        "android_client_info": {
          "package_name": "com.example.justinlukas.cs491"
        }
      },
      "oauth_client": [
        {
          "client_id": "353437141734-pman7aab4l66davfkkjd1ovfi4o10leq.apps.googleusercontent.com",
          "client_type": 1,
          "android_info": {
            "package_name": "com.example.justinlukas.cs491",
            "certificate_hash": "c4d5a613496fe6f13fc93960b31494dd3a98d5ab"
          }
        },
        {
          "client_id": "353437141734-2p26njbstokk7db1ed0k5u03efrst43u.apps.googleusercontent.com",
          "client_type": 1,
          "android_info": {
            "package_name": "com.example.justinlukas.cs491",
            "certificate_hash": "8a7b3f6b749908c496960bccfe6814a7bf5219e1"
          }
        },
        {
          "client_id": "353437141734-alvdogf9ajpe28sdpchaf2fdtnebgokt.apps.googleusercontent.com",
          "client_type": 3
        }
      ],
      "api_key": [
        {
          "current_key": "AIzaSyAX7TyrFBjqRyvKequdw8seiJLnU3ODCrg"
        }
      ],
      "services": {
        "analytics_service": {
          "status": 1
        },
        "appinvite_service": {
          "status": 2,
          "other_platform_oauth_client": [
            {
              "client_id": "353437141734-alvdogf9ajpe28sdpchaf2fdtnebgokt.apps.googleusercontent.com",
              "client_type": 3
            }
          ]
        },
        "ads_service": {
          "status": 2
        }
      }
    }
  ],
  "configuration_version": "1"
}